Welle;Score;Fit;Anlage;Ort;Bundesland;PLZ;E-Mail;Telefon;System;Boxen;Bar;Eventlocation;Typ;Website;Quellstatus;Kontakt-Status;Notizen;Ansprache-Status;Mail 1 am;Nachfass 1 am;Nachfass 2 am;Rückmeldung
1;A+;Hoch;Golf Loft 44;Ebersbach an der Fils;Baden-Württemberg;73061;info@golfloft44.de;+49 7163 44688;TrackMan iO;5;Ja;Ja;Indoor-Golf-Lounge;https://www.golfloft44.de/;Aktiv – offizielle Seite bestätigt;Kontakt vollständig;"Fünf TrackMan-iO-Systeme; Bar- und Loungecharakter.";Mail 1 gesendet;10.09.2026;;;
1;A+;Hoch;PATO Golf München;München;Bayern;80802;golf@patoclub.de;+49 89 38667028;Garmin R50;4;Ja;Ja;Golfshop/Fitting/Training;https://golf.patoclub.de/de;Aktiv – aktuelle Quelle;Kontakt vollständig;User-Beispiel Café/Reitschule: Offizielle Seite nennt ehemalige Reitställe, 4 Premium-Simulatorboxen.;Mail 1 gesendet;10.09.2026;;;
1;A+;Hoch;Seven Tees München;München;Bayern;80807;muenchen@seventees.golf;+49 89 35061940;TrackMan;7;Ja;Ja;Indoor-Golf-Lounge;https://seventees.golf/;Aktiv – aktuelle Quelle;Kontakt vollständig;"User-Beispiel; offizielle Seven-Tees-Standortseite.";Mail 1 gesendet;10.09.2026;;;
1;A+;Hoch;Seven Tees Olching;Olching;Bayern;82140;olching@seventees.golf;+49 8142 66932222;TrackMan;3;Ja;Ja;Indoor-Golf-Lounge;https://seventees.golf/;Aktiv – aktuelle Quelle;Kontakt vollständig;Offizielle Seven-Tees-Standortseite.;Mail 1 gesendet (über muenchen@);10.09.2026;;;
1;A+;Hoch;TrackMe Hamburg;Hamburg;Hamburg;22761;info@trackme.de;+49 40 72551848;TrackMan 4;9;Ja;Ja;Reines Simulatorstudio;https://trackme.de/;Aktiv – aktuelle Quelle;Kontakt vollständig;Offizielle Seite und regionale Quellen nennen größte Anlage mit 9 Boxen.;Mail 1 gesendet;10.09.2026;;;
1;A+;Hoch;MatchPlay Indoor Golf Göttingen;Göttingen;Niedersachsen;37077;webmaster@matchplaygolf.de;+49 551 30668800;TrackMan iO;8;;Ja;Reines Simulatorstudio;https://www.matchplaygolf.de/;Aktiv – aktuelle Quelle;Kontakt vollständig;Offizielle Seite nennt 8 TrackMan iO Bays.;Mail 1 gesendet;10.09.2026;;;
1;A+;Hoch;KINETO Indoor Golf & Bar Meerbusch;Meerbusch;Nordrhein-Westfalen;40667;info@kineto.golf;+49 176 11146023;TrackMan iO;5;Ja;Ja;Eventlocation/Golfbar;https://www.kineto.golf/;Aktiv – offizielle Seite bestätigt;Kontakt vollständig;Fünf TrackMan-iO-Bays, Bar/Lounge, Events und 24/7-Training.;Mail 1 gesendet;10.09.2026;;;
1;A+;Hoch;GOLFHUB Indoor Golf Lounge Chemnitz;Chemnitz;Sachsen;09125;info@golfhub.de;+49 371 56070884;TrackMan;3;Ja;Ja;Indoor-Golf-Lounge;https://www.golfhub.de/;Aktiv – aktuelle Quelle;Kontakt vollständig;Buchungs-/Standortseite nennt Indoor Golf Lounge Chemnitz und Kontakt.;Mail 1 gesendet;10.09.2026;;;
1;A;Hoch;ForeYou Indoor Golf & Eventlocation;Karlsdorf-Neuthard;Baden-Württemberg;76689;info@foreyou.golf;;TrackMan;5;Ja;Ja;Eventlocation/Golfbar;https://www.foreyou.golf/;Aktiv – aktuelle Quelle;Telefon fehlt;Offizielle Seite nennt Indoor-Golf, Bar/Lounge und Eventlocation.;Mail 1 gesendet;10.09.2026;;;
1;A;Hoch;TrackMe Beach Hamburg Golf-Loft;Hamburg;Hamburg;22049;info@trackme.de;;TrackMan 4;2;Ja;Ja;Sport-/Freizeitzentrum;https://trackme.de/beach;Aktiv – aktuelle Quelle;Telefon fehlt;Kooperation TrackMe x Beach Hamburg, zwei TrackMan-Boxen.;Mail 1 gesendet (über info@ mit Hamburg);10.09.2026;;;
1;A;Hoch;APEX Indoor Golf Bonn;Bonn;Nordrhein-Westfalen;53229;info@apexig.de;;TrackMan iO / TrackMan 4;3;;Ja;Indoor-Golf-Lounge;https://www.apexig.de/;Aktiv – aktuelle Quelle;Telefon fehlt;Offizielle Seite nennt moderne TrackMan-Simulatoren und Buchungspflicht.;Mail 1 gesendet;10.09.2026;;;
1;A;Hoch;Pitching Zone Lübeck;Lübeck;Schleswig-Holstein;23560;info@pitching-zone.de;;TrackMan;7;;Ja;Reines Simulatorstudio;https://pitching-zone.de/;Aktiv – aktuelle Quelle;Telefon fehlt;Aktuelle Such-/Anbieterquellen nennen 7 Golfbays.;Mail 1 gesendet;10.09.2026;;;
1;B;Mittel;Birdies Indoor Golf Nürnberg;Nürnberg;Bayern;90441;kontakt@birdiesgolf.de;0151 54855925;TrackMan iO;6;;;Reines Simulatorstudio;https://www.birdiesgolf.de/;Aktiv – aktuelle Quelle;Kontakt vollständig;Offizielle Seite nennt 6 private Räume, 24/7 für Mitglieder und TrackMan iO.;Mail 1 gesendet;10.09.2026;;;
1;B;Mittel;Clubhouse Nürnberg;Nürnberg;Bayern;90431;info@clubhouse-nuernberg.de;+49 911 99996633;TrackMan;7;;;Indoor-Golf-Lounge;https://clubhouse-nbg.de/;Aktiv – aktuelle Quelle;Kontakt vollständig;"Suchtreffer nennt 7 Simulatoren; Verzeichnis führt die Adresse.";Mail 1 gesendet;10.09.2026;;;
1;B;Mittel;Fairway Lounge Neustadt/WN;Neustadt an der Waldnaab;Bayern;92660;info@fairway-lounge.de;09602 1224;;;;;Indoor-Golf-Lounge;https://fairway-lounge.de/;Aktiv – aktuelle Quelle;Kontakt vollständig;"Adresse über Trendgolf/INSOTEC-Kontext; Fairway Lounge nennt Indoor-Golf-Tarife und Kontakt.";Mail 1 gesendet;10.09.2026;;;
1;B;Mittel;Seven Tees Brunnthal;Brunnthal;Bayern;85649;brunnthal@seventees.golf;+49 89 26207031;TrackMan;;;;Indoor-Golf-Lounge;https://seventees.golf/;Aktiv – aktuelle Quelle;Kontakt vollständig;Offizielle Seven-Tees-Standortseite.;Mail 1 gesendet (über muenchen@);10.09.2026;;;
1;B;Mittel;Shank Brothers;Prutting;Bayern;83134;trackman@shank-brothers.de;+49 151 74269145;TrackMan iO laut Suchumfeld;;;;Indoor-Golf-Lounge;https://shank-brothers.com/;Aktiv – aktuelle Quelle;Kontakt vollständig;"Strawberry-Tour führt Adresse und Kontakt; eigenständiger Anbieter.";Mail 1 gesendet;10.09.2026;;;
1;B;Mittel;Tap Inn Golf Lounge Wasserburg;Wasserburg am Inn;Bayern;83512;info@tapinn.de;;TrackMan;1;Ja;Eingeschränkt;Indoor-Golf-Lounge;https://www.tapinn.de/;Aktiv – aktuelle Quelle;Telefon fehlt;"Presse meldete Eröffnung; Strawberry-Tour listet Adresse.";Rückmeldung, Antwort im Entwurf;10.09.2026;;;10.09. Matthias: Lounge ohne Personal, Code-Zugang, Getränke auf Vertrauensbasis, betreute Feier nicht möglich, Firmen feierten bisher in Eigenregie. Antwort im Entwurf: Selbstversorger-Format einstellen, RUFF als Beispiel.
1;B;Mittel;EvoGolf Berlin;Berlin;Berlin;10557;kontakt@evogolf.de;030 20674844 / 0171 7429333;TrackMan;6;;;Eventlocation/Golfbar;https://www.evogolf.de/;Aktiv – aktuelle Quelle;Kontakt vollständig;Offizielle Eventseite nennt Standort, TrackMan-Simulatoren und Gruppenangebot.;Mail 1 gesendet;10.09.2026;;;
1;B;Mittel;Indoor Golf Club Berlin / Golfzentrum Berlin Schöneberg;Berlin;Berlin;10829;info@golfzentrumberlin.de;+49 30 81828500;TrackMan / Simulatoren;11;;;Reines Simulatorstudio;https://www.golfzentrumberlin.de/;Aktiv – aktuelle Quelle;Kontakt vollständig;"Einer der großen Berliner Indoor-Golf-Standorte; Details/Betreibername prüfen.";Mail 1 gesendet;10.09.2026;;;
1;B;Mittel;LAZY GOLF Hamburg;Hamburg;Hamburg;22177;info@lazygolf.de;+49 155 69189134;TrackMan iO;3;Ja;Eingeschränkt;Indoor-Golf-Lounge;https://www.lazygolf.de/;Aktiv – aktuelle Quelle;Kontakt vollständig;Offizielle Seite mit strukturierten Standortdaten, Öffnungszeiten und TrackMan-Buchung.;Mail 1 gesendet;10.09.2026;;;
1;B;Mittel;RUFF Golf Dreieich;Dreieich;Hessen;63303;dreieich@ruffgolf.de;+49 6103 7894071;TrackMan;6;;;Indoor-Golf-Lounge;https://ruffgolf.eu/de/;Aktiv – aktuelle Quelle;Kontakt vollständig;"RUFF-Standort in Dreieich; Strawberry-Tour führt Adresse und Kontakt.";angemeldet;10.09.2026;;;Weihnachtsfeier live auf /firmenevents/weihnachtsfeier-im-ruff/ (84 bis 119 € p. P.), erste Indoor-Partneranlage
1;B;Mittel;GOLFINN | Indoor-Golf Loft Wuppertal;Wuppertal;Nordrhein-Westfalen;42369;m.odendahl@golf-inn.de;0175 4820027;Simulatoren / Indoor-Puttinggreen;2;;;Indoor-Golf-Lounge;https://www.golf-inn.de/;Aktiv – aktuelle Quelle;Kontakt vollständig;Offizielle Kontaktseite nennt Indoor-Golf Loft und Anmeldungspflicht.;Mail 1 gesendet;10.09.2026;;;
1;B;Mittel;Indoor-Golf-Ruhrpott;Mülheim an der Ruhr;Nordrhein-Westfalen;45475;info@indoor-golf-ruhrpott.de;0208 45798275;TrackMan 4;10;;;Reines Simulatorstudio;https://trackrange.golf/indoor-golf-ruhrpott/;Aktiv – aktuelle Quelle;Kontakt vollständig;Aktuelle Quellen nennen große TrackMan-Anlage in Mülheim.;Mail 1 gesendet;10.09.2026;;;
1;B;Mittel;RUFF Golf Düsseldorf;Düsseldorf;Nordrhein-Westfalen;40547;duesseldorf@ruffgolf.de;+49 173 4231828;TrackMan;7;;;Indoor-Golf-Lounge;https://ruffgolf.eu/de/;Aktiv – aktuelle Quelle;Kontakt vollständig;"RUFF-Standort Düsseldorf; Strawberry-Tour listet Adresse.";Mail 1 gesendet (über dreieich@);10.09.2026;;;
1;B;Mittel;Seven Tees Köln / Hürth;Hürth;Nordrhein-Westfalen;50354;koeln@seventees.golf;+49 2233 9623993;TrackMan;;;;Indoor-Golf-Lounge;https://seventees.golf/;Aktiv – aktuelle Quelle;Kontakt vollständig;Offizielle Seven-Tees-Standortseite.;Mail 1 gesendet (über muenchen@);10.09.2026;;;
1;B;Mittel;RUFF Indoor-Golf Ostsee;Scharbeutz;Schleswig-Holstein;23684;ostsee@ruffgolf.de;+49 155 61704576;TrackMan;;;;Indoor-Golf-Lounge;https://ruffgolf.eu/de/;Aktiv – aktuelle Quelle;Kontakt vollständig;"RUFF-Standort bei Lübeck; Strawberry-Tour listet Adresse.";Mail 1 gesendet (über dreieich@);10.09.2026;;;
2;C;Prüfen;Indoor Golf Mannheim 77;Mannheim;Baden-Württemberg;68309;golfshopnopro@web.de;+49 151 42610130;TrackMan laut Suchumfeld;;;;Reines Simulatorstudio;;Verzeichnis + Suche bestätigt;Kontakt vollständig;"Eigenständiger Indoor-Golf-Standort; Detaildaten prüfen.";Entwurf in Outlook;10.09.2026 Entwurf;;;
2;C;Prüfen;Indoor Golf Rottal;Johanniskirchen;Bayern;84381;paullamprecht@t-online.de;;TrackMan;;;;Reines Simulatorstudio;https://www.indoor-golf-rottal.com/;Aktiv – aktuelle Quelle;Telefon fehlt;Strawberry-Tour listet den Standort als Indoor-Partneranlage.;Entwurf in Outlook;10.09.2026 Entwurf;;;
2;C;Prüfen;TOUR GREEN Indoor Golf Center;Oberhaid;Bayern;96173;info@tourgreen.de;+49 9503 5088920;;;;;Reines Simulatorstudio;;Verzeichnis + Suche bestätigt;Kontakt vollständig;"Indoor-Golf-Center in Franken; aktuelle Details prüfen.";Entwurf in Outlook;10.09.2026 Entwurf;;;
2;C;Prüfen;chigolf - The Movement Code;Hohenbrunn;Bayern;85662;info@chigolf.de;+49 174 3177050;Simulator / Bewegungsanalyse;;;;Golfshop/Fitting/Training;https://www.chigolf.de/;Aktiv – aktuelle Quelle;Kontakt vollständig;"Golfbewegungs- und Indoor-Trainingsstudio; Adresse aus aktuellem Such-/Verzeichnistreffer.";Entwurf in Outlook;10.09.2026 Entwurf;;;
2;C;Prüfen;Golftempel Berlin;Berlin;Berlin;;info@golftempel.de;+49 152 33978290;;1;;;Reines Simulatorstudio;https://golftempel.de/;Aktiv – aktuelle Quelle;Adresse fehlt;"Offizielle Buchungsseite vorhanden; Standortadresse nicht öffentlich gefunden.";Entwurf in Outlook;10.09.2026 Entwurf;;;
2;C;Prüfen;Kim Golf & Essen / Kim Screen Golf Berlin;Berlin;Berlin;10555;kimscreengolf@gmail.com;+49 30 20009500;Screen Golf;;;;Reines Simulatorstudio;;Verzeichnis + Suche bestätigt;Kontakt vollständig;Restaurant/Screen-Golf-Angebot, eigenständig und nicht Golfplatz.;Entwurf in Outlook;10.09.2026 Entwurf;;;
2;C;Prüfen;Nate Danner Golf - Indoor Studio Reinickendorf;Berlin;Berlin;13403;natedanner@pga.com;;Indoor Studio;;;;Golfshop/Fitting/Training;https://www.natedannergolf.com/;Aktiv – aktuelle Quelle;Telefon fehlt;Zweiter offizieller Indoor-Studio-Standort.;Entwurf in Outlook (eine Mail für beide Studios);10.09.2026 Entwurf;;;
2;C;Prüfen;Nate Danner Golf - Indoor Studio Schöneberg;Berlin;Berlin;10777;natedanner@pga.com;;TrackMan / Indoor Studio;;;;Golfshop/Fitting/Training;https://www.natedannergolf.com/;Aktiv – aktuelle Quelle;Telefon fehlt;Offizielle Quelle nennt Indoor-Studio-Standort in Schöneberg.;Entwurf in Outlook (eine Mail für beide Studios);10.09.2026 Entwurf;;;
2;C;Prüfen;Eagleswing Indoor Golf Studio;Hamburg;Hamburg;22159;team@eagleswing.de;+49 160 91278162;Foresight Sports Falcon;1;Nein;Eingeschränkt;Reines Self-Service-Studio;https://eagleswing.de/;Aktiv – offizielle Seite bestätigt;Kontakt vollständig;"Ein Simulator, keine Mitarbeitenden vor Ort; kleiner Kühlschrank und Snacks auf Vertrauensbasis.";Entwurf in Outlook;10.09.2026 Entwurf;;;
2;C;Prüfen;Golf in a Box Hamburg – Niendorf;Hamburg;Hamburg;22457;info@golf-in-a-box.de;+49 151 50562874;TrackMan iO;1;Nein;Eingeschränkt;Reines Self-Service-Studio;https://golf-in-a-box.de/;Aktiv – offizielle Buchung bestätigt;Kontakt vollständig;"Zweiter Standort; keine eigene Gastronomie belegt.";Entwurf in Outlook (eine Mail für beide Standorte);10.09.2026 Entwurf;;;
2;C;Prüfen;Golf in a Box Hamburg – Rotherbaum;Hamburg;Hamburg;20146;info@golf-in-a-box.de;+49 151 50562874;TrackMan iO;1;Nein;Eingeschränkt;Reines Simulatorstudio;https://golf-in-a-box.de/;Aktiv – aktuelle Quelle;Kontakt vollständig;Offizielle Website nennt TrackMan iO und Adresse in Hamburg.;Entwurf in Outlook (eine Mail für beide Standorte);10.09.2026 Entwurf;;;
2;C;Prüfen;Green Grid Golf Club;Hamburg;Hamburg;22303;club@green-grid-golf.de;+49 40 6360768811;TrackMan;2;;;Reines Simulatorstudio;https://green-grid-golf.de/;Aktiv – aktuelle Quelle;Kontakt vollständig;"Digitaler Golfclub mit innerstädtischem Clubhaus; Zugang eventuell mitgliedschaftsbasiert.";Entwurf in Outlook;10.09.2026 Entwurf;;;
2;C;Prüfen;HIO Fitting Hamburg;Hamburg;Hamburg;20146;hamburg@hio-fitting.de;+49 89 96030575;TrackMan iO;1;Nein;Nein;Golfshop/Fitting/Training;https://hio-fitting.de/hamburg/;Aktiv – offizielle Seite bestätigt;Kontakt vollständig;"Gleicher physischer Standort wie Golf in a Box Rotherbaum; separater B2B-Ansprechpartner, keine zusätzliche Anlage zählen.";übersprungen, gleicher Standort wie Golf in a Box Rotherbaum;;;;
2;C;Hoch;Tee It Up Hamburg;Hamburg;Hamburg;22419;info@teeitupgolf.de;;Golfzon TwoVisionNX;5;Geplant;Geplant;Eventlocation/Golfbar;https://www.teeitupgolf.de/;Geplant – Eröffnung Oktober 2026;Telefon fehlt;Geplante Full-Service-Location mit Speisen, Getränken und Firmenevents.;Entwurf in Outlook;10.09.2026 Entwurf;;;
2;C;Hoch;Indoor Golf & Lounge Kronberg;Kronberg;Hessen;61476;office@indoorgolf-kronberg.de;;TrackMan;3;Ja;Ja;Indoor-Golf-Lounge;;Verzeichnis + Suche bestätigt;Telefon fehlt;"Indoor-Golf-Lounge im Verzeichnis; Suchtreffer nennt 3 Simulatoren.";Entwurf in Outlook;10.09.2026 Entwurf;;;
2;C;Hoch;The Golf Loft Bensheim;Bensheim;Hessen;64625;info@thegolfloft.de;06251 5503853;TrackMan iO / TrackMan 4;5;Ja;Ja;Indoor-Golf-Lounge;https://www.thegolfloft.de/;Temporär geschlossen – offizielle Seite;Kontakt vollständig;Offizielle Seite nennt 5 TrackMan-Simulatoren, Sommerbetrieb und Adresse.;Entwurf in Outlook;10.09.2026 Entwurf;;;
2;C;Prüfen;GOLF LIFE Langenfeld;Langenfeld;Nordrhein-Westfalen;40764;info@golf-life.de;+49 2173 1065830;TrackMan;;;;Golfshop/Fitting/Training;https://www.golf-life.de/;Verzeichnis + Shop/Fitter bestätigt;Kontakt vollständig;"Golfshop/Fitting mit buchbarem Indoor-Golf; nicht Golfplatz.";Entwurf in Outlook;10.09.2026 Entwurf;;;
2;C;Prüfen;Next Golf Münster;Münster;Nordrhein-Westfalen;48153;info@next-golf.de;01578 5134742;TrackMan iO;;;;Eventlocation/Golfbar;https://next-golf.de/;Aktiv – aktuelle Quelle;Kontakt vollständig;"Offizielle Seite nennt Münsters erste Indoor-Golf-Halle; Strawberry-Tour listet Standort.";Entwurf in Outlook;10.09.2026 Entwurf;;;
2;C;Prüfen;Team Spieckerhoff Indoorgolf;Langenfeld;Nordrhein-Westfalen;40764;info@team-spieckerhoff.de;+49 2173 2699154;;;;;Golfshop/Fitting/Training;https://team-spieckerhoff.de/;Aktiv – aktuelle Quelle;Kontakt vollständig;Offizielle Seite nennt moderne Indoor-Golfanlage, Firmenevents und Proshop.;Entwurf in Outlook;10.09.2026 Entwurf;;;
2;C;Prüfen;VYBE Golfstudio Saarbrücken;Saarbrücken;Saarland;66123;info@vybegolf.de;0681 83049280 / 0178 9822500;TrackMan;2;;;Reines Simulatorstudio;https://vybegolf.de/;Aktiv – aktuelle Quelle;Kontakt vollständig;Offizielle Seite nennt zwei moderne TrackMan-Simulatoren.;Entwurf in Outlook;10.09.2026 Entwurf;;;
2;C;Hoch;GO! Indoor Golfclub Dresden – Waldschlösschen;Dresden;Sachsen;01099;info@golf-offensive.de;;TrackMan iO;4;Geplant;Geplant;Eventlocation/Golfbar;https://www.golf-offensive.de/;Geplant – Eröffnung November 2026;Telefon fehlt;Vier geplante TrackMan-iO-Simulatoren im Waldschlösschen-Areal.;Entwurf in Outlook;10.09.2026 Entwurf;;;
2;C;Prüfen;Golf At Your Best Leipzig;Leipzig;Sachsen;04357;info@golfatyourbest.com;+49 172 3404482;;;;;Golfshop/Fitting/Training;;Verzeichnis + Suche bestätigt;Kontakt vollständig;Eigenständiger Indoor-Golf-/Trainingseintrag in Leipzig.;Entwurf in Outlook;10.09.2026 Entwurf;;;
2;C;Prüfen;Birdie Box Hamburg;Schenefeld;Schleswig-Holstein;22869;golf@birdiebox.hamburg;0155 6070 1852;TrackMan iO;2;Nein;Nein;Reines Simulatorstudio;https://birdiebox.hamburg/;Pausiert bis Oktober 2026;Kontakt vollständig;"Eigenständiges Indoor-Golfcenter; Website meldet aktuell geschlossen und Wiederöffnung ab Oktober 2026.";Entwurf in Outlook;10.09.2026 Entwurf;;;
2;C;Hoch;Eisen Sieben Indoor Golf;Glinde;Schleswig-Holstein;21509;info@eisen-sieben.com;+49 172 3077737;TrackMan;8;Ja;Ja;Reines Simulatorstudio;https://eisen-sieben.com/;Verzeichnis + TIM bestätigt;Kontakt vollständig;"Eigenständige Indoor-Golfanlage bei Hamburg; TIM nennt acht TrackMan-Simulatoren. | E-Mail-Quelle: https://eisen-sieben.com/impressum/";Entwurf in Outlook;10.09.2026 Entwurf;;;
2;C;Prüfen;X-Flex Golf Kaltenkirchen;Kaltenkirchen;Schleswig-Holstein;24568;info@x-flexgolf.de;+49 4191 7034258;TrackMan;;;;Golfshop/Fitting/Training;https://www.x-flexgolf.de/;Aktiv – aktuelle Quelle;Kontakt vollständig;Offizielle Seite mit Simulatorbuchung und Preisen.;Entwurf in Outlook;10.09.2026 Entwurf;;;
2;C;Prüfen;Indoor Golf Erfurt;Erfurt;Thüringen;99094;kontakt@indoor-golf-erfurt.de;+49 171 6439567;;;;;Reines Simulatorstudio;;Verzeichnis + Suche bestätigt;Kontakt vollständig;"Indoor-Golf-Eintrag; aktuelle Öffnung prüfen.";Entwurf in Outlook;10.09.2026 Entwurf;;;
2;C;Prüfen;Indoor Golf Oberhof;Oberhof;Thüringen;98559;info@physiofit-am-rennsteig.de;;TrackMan laut Suchumfeld;;;;Reines Simulatorstudio;;Aktiv – aktuelle Quelle;Telefon fehlt;"Aktueller Treffer für Indoor Golf Oberhof; Betreiber/Öffnungszeiten prüfen.";Entwurf in Outlook;10.09.2026 Entwurf;;;
2;D;Prüfen;Golfersworld Moosinning;Moosinning;Bayern;85452;info@golfersworld.de;;;5;;Ja;Golfshop/Fitting/Training;;Verzeichnisfund – prüfen;Telefon fehlt;"Fünf Simulatoren; Restaurant/Catering laut Branchenverzeichnis.";Entwurf in Outlook;10.09.2026 Entwurf;;;
3;D;Prüfen;Berliner Golf Club Gatow;Berlin;;;info@golfclubgatow.de;;;;;;Hotel/Resort-Box;;Verzeichnisfund – prüfen;Adresse fehlt;Golfclub;offen;;;;
3;D;Prüfen;Golf Club St. Leon-Rot;St. Leon-Rot;;;info@gc-slr.de;;;;;;Hotel/Resort-Box;;Verzeichnisfund – prüfen;Adresse fehlt;Golfclub/Leistungszentrum;offen;;;;
3;D;Prüfen;Golf Lounge Resort Hamburg;Hamburg;;;mail@golflounge.de;;;;;;Hotel/Resort-Box;;Verzeichnisfund – prüfen;Adresse fehlt;Driving Range/9-Loch-/Resortcharakter, nicht reine Indoor-Lounge;offen;;;;
3;D;Prüfen;Golf-Park Dessau;Dessau;;;info@golfclub-dessau.de;;;;;;Hotel/Resort-Box;;Verzeichnisfund – prüfen;Adresse fehlt;Golfpark/Golfanlage;offen;;;;
3;D;Prüfen;Golfanlage Schopfheim;Schopfheim;;;post@golfanlage-schopfheim.de;;;;;;Hotel/Resort-Box;;Verzeichnisfund – prüfen;Adresse fehlt;Golfanlage;offen;;;;
3;D;Prüfen;Golfclub Bayreuth;Bayreuth;;;info@gc-bayreuth.de;;;;;;Hotel/Resort-Box;;Verzeichnisfund – prüfen;Adresse fehlt;Golfclub;offen;;;;
3;D;Prüfen;Golfclub Bruckmannshof;Hünxe;;;gc-bruckmannshof@t-online.de;;;;;;Hotel/Resort-Box;;Verzeichnisfund – prüfen;Adresse fehlt;Golfclub/Golfanlage, daher nicht Hauptliste;offen;;;;
3;D;Prüfen;Golfclub Grevenmühle;Ratingen;;;golfclub@grevenmuehle.de;;;;;;Hotel/Resort-Box;;Verzeichnisfund – prüfen;Adresse fehlt;Golfclub/Golfanlage, daher nicht eigenständiger Simulatoranbieter;offen;;;;
3;D;Prüfen;Golfclub Herzogenaurach;Herzogenaurach;;;info@golfclub-herzogenaurach.de;;;;;;Hotel/Resort-Box;;Verzeichnisfund – prüfen;Adresse fehlt;Golfclub;offen;;;;
3;D;Prüfen;Golfclub Pfaffing Wasserburger Land;Pfaffing;;;club@gcpwl.de;;;;;;Hotel/Resort-Box;;Verzeichnisfund – prüfen;Adresse fehlt;Golfclub-Standort, nicht eigenständige Simulatorlounge;offen;;;;
3;D;Prüfen;Golfpark Bostalsee;Nohfelden;;;info@golfpark-bostalsee.de;;;;;;Hotel/Resort-Box;;Verzeichnisfund – prüfen;Adresse fehlt;Golfpark/Golfanlage;offen;;;;
3;D;Prüfen;Golfpark Gudensberg;Gudensberg;;;info@golfpark-gudensberg.de;;;;;;Hotel/Resort-Box;;Verzeichnisfund – prüfen;Adresse fehlt;Golfpark/Golfanlage;offen;;;;
3;D;Prüfen;Golfpark Neustadt/Harz;Neustadt/Harz;;;indoor@golfpark-neustadt.de;;;;;;Hotel/Resort-Box;;Verzeichnisfund – prüfen;Adresse fehlt;Golfpark/Golfanlage;offen;;;;
3;D;Prüfen;Hotel Central Hof;Hof;;;info@hotel-central-hof.de;;;;;;Hotel/Resort-Box;;Verzeichnisfund – prüfen;Adresse fehlt;Hotel mit Simulator;offen;;;;
3;D;Prüfen;Indoor Golf Marhördt / Golfclub Marhördt;Oberrot-Marhördt;;;info@golfclub-marhoerdt.de;;;;;;Hotel/Resort-Box;;Verzeichnisfund – prüfen;Adresse fehlt;Golfclub/Golfanlage;offen;;;;
3;D;Prüfen;Indoor Golf Mudau / Golfclub Mudau;Mudau;;;info@golfclub-mudau.de;;;;;;Hotel/Resort-Box;;Verzeichnisfund – prüfen;Adresse fehlt;Golfclub/Freizeitanlage mit Golfplatzbezug;offen;;;;
3;D;Prüfen;PARKHOTEL STUTTGART MESSE-AIRPORT;Leinfelden-Echterdingen;;;Info@Parkhotel-Stuttgart.de;;;;;;Hotel/Resort-Box;;Verzeichnisfund – prüfen;Adresse fehlt;Hotel mit Simulator, kein eigenständiger Anbieter;offen;;;;
3;D;Prüfen;Quellness & Golf Resort Bad Griesbach;Bad Griesbach;;;golfresort@quellness-golf.com;;;;;;Hotel/Resort-Box;;Verzeichnisfund – prüfen;Adresse fehlt;Golfresort/Hotel;offen;;;;
3;D;Prüfen;Schloss Langenstein;Orsingen-Nenzingen;;;golf-sekretariat@schloss-langenstein.com;;;;;;Hotel/Resort-Box;;Verzeichnisfund – prüfen;Adresse fehlt;Golfanlage/Schlossanlage;offen;;;;
3;D;Prüfen;Wellnesshotel THE GRAND Ahrenshoop;Ahrenshoop;;;info-spa@the-grand.de;;;;;;Hotel/Resort-Box;;Verzeichnisfund – prüfen;Adresse fehlt;Hotel/Wellnessresort;offen;;;;
3;D;Prüfen;0711Golfschule Esslingen;Esslingen;Baden-Württemberg;73728;info@0711Golfschule.de;;;;;;Golfshop/Fitting/Training;;Verzeichnisfund – prüfen;Telefon fehlt;Nicht in Hauptliste gezählt, bis klar ist, ob regelmäßige unabhängige Simulatorbuchung möglich ist.;offen;;;;
3;D;Prüfen;Adventure&Indoor Golf;Balingen;Baden-Württemberg;72336;info@golf-balingen.de;+49 7433 385990;;;;;Sport-/Freizeitzentrum;;Verzeichnisfund – prüfen;Kontakt vollständig;"Eigenständiges Freizeitangebot im Verzeichnis; aktuelle Website/Öffnung noch nachprüfen.";offen;;;;
3;D;Prüfen;Der Öschberghof Indoor Golf;Donaueschingen;Baden-Württemberg;;golf@oeschberghof.com;;;;;;Hotel/Resort-Box;;Altverzeichnis – aktuellen Betrieb prüfen;Adresse fehlt;Treffer aus einem älteren Indoor-Golf-Verzeichnis. Vor Ansprache Website, Betrieb und Kontaktdaten prüfen.;offen;;;;
3;D;Prüfen;Golf-Welt Hochrhein;;Baden-Württemberg;;info@golfwelt-hochrhein.de;;;;;;Golfplatz/Golfclub-Box;;Altverzeichnis – aktuellen Betrieb prüfen;Adresse fehlt;Treffer aus einem älteren Indoor-Golf-Verzeichnis. Vor Ansprache Website, Betrieb und Kontaktdaten prüfen.;offen;;;;
3;D;Prüfen;Golfanlage Kirchheim-Wendlingen-Wernau;Kirchheim unter Teck;Baden-Württemberg;;info@golf-kirchheim.de;;;;;;Golfplatz/Golfclub-Box;;Altverzeichnis – aktuellen Betrieb prüfen;Adresse fehlt;Treffer aus einem älteren Indoor-Golf-Verzeichnis. Vor Ansprache Website, Betrieb und Kontaktdaten prüfen.;offen;;;;
3;D;Prüfen;Indoor Golf Hohenloher Tor;Bretzfeld;Baden-Württemberg;74626;info@hohenlohertor.de;+49 7946 9467640;;;;;Reines Simulatorstudio;;Verzeichnisfund – prüfen;Kontakt vollständig;Standalone Indoor-Golf laut Verzeichnis.;offen;;;;
3;D;Prüfen;Pro Marine Gottmadingen;Gottmadingen;Baden-Württemberg;78244;promarine@promarine.de;+49 7731 3191319;;;;;Golfshop/Fitting/Training;;Verzeichnisfund – prüfen;Kontakt vollständig;"Shop/Fitting-orientierter Indoor-Golf-Eintrag; kein Golfplatz.";offen;;;;
3;D;Prüfen;Sportklamser Ulm;Ulm;Baden-Württemberg;;info@sportklamser-ulm.de;;;;;;Golfshop/Fitting/Training;;Altverzeichnis – aktuellen Betrieb prüfen;Adresse fehlt;Treffer aus einem älteren Indoor-Golf-Verzeichnis. Vor Ansprache Website, Betrieb und Kontaktdaten prüfen.;offen;;;;
3;D;Prüfen;Sportpalast Singen;Singen;Baden-Württemberg;78224;info@sportpalast-singen.de;+49 7731 922450;;;;;Sport-/Freizeitzentrum;;Verzeichnisfund – prüfen;Kontakt vollständig;Sportcenter mit Indoor-Golf-Eintrag.;offen;;;;
3;D;Prüfen;myclubmaker Golf+IT;Heimsheim;Baden-Württemberg;71296;info@myclubmaker.de;+49 7033 4691991;;;;;Golfshop/Fitting/Training;;Verzeichnisfund – prüfen;Kontakt vollständig;"Fitting/Shop-orientiert; nur aufnehmen, wenn buchbares Indoor-Golf relevant ist.";offen;;;;
3;D;Prüfen;Brute Golf Lounge;Burk;Bayern;91596;info@brute-golf.com;+49 160 91952037;TrackMan;;;;Indoor-Golf-Lounge;https://www.brutegolflounge.de/;Verzeichnisfund – prüfen;Kontakt vollständig;"Standalone-Lounge aus Verzeichnis/Website; Details vor Kontaktaufnahme prüfen.";offen;;;;
3;D;Prüfen;Donau Golf Club Passau Indoor Golf;Passau;Bayern;;info@golf-passau.de;;;;;;Golfplatz/Golfclub-Box;;Altverzeichnis – aktuellen Betrieb prüfen;Adresse fehlt;Treffer aus einem älteren Indoor-Golf-Verzeichnis. Vor Ansprache Website, Betrieb und Kontaktdaten prüfen.;offen;;;;
3;D;Prüfen;FLIGHT Alzenau;Alzenau;Bayern;63755;hello@flight-golf.de;+49 6023 9298570;;;;;Indoor-Golf-Lounge;;Verzeichnisfund – prüfen;Kontakt vollständig;Standalone-Kandidat aus Verzeichnis.;offen;;;;
3;D;Prüfen;GC Ingolstadt Indoor-Halle;Ingolstadt;Bayern;;info@golf-ing.de;;;;;;Golfplatz/Golfclub-Box;;Altverzeichnis – aktuellen Betrieb prüfen;Adresse fehlt;Treffer aus einem älteren Indoor-Golf-Verzeichnis. Vor Ansprache Website, Betrieb und Kontaktdaten prüfen.;offen;;;;
3;D;Prüfen;Golf Simulator Gunzenhausen;Gunzenhausen;Bayern;;info@golfsimgun.de;;;;;;Reines Simulatorstudio;;Altverzeichnis – aktuellen Betrieb prüfen;Adresse fehlt;Treffer aus einem älteren Indoor-Golf-Verzeichnis. Vor Ansprache Website, Betrieb und Kontaktdaten prüfen.;offen;;;;
3;D;Prüfen;Golf USA - VR Golf Garching;Garching;Bayern;85748;info@golfusa-munich.com;;;;;;Golfshop/Fitting/Training;;Verzeichnisfund – prüfen;Telefon fehlt;Aktualität nicht sicher genug für Hauptliste.;offen;;;;
3;D;Prüfen;Golf Valley;Valley;Bayern;;info@golfvalley.de;;;;;;Golfplatz/Golfclub-Box;;Altverzeichnis – aktuellen Betrieb prüfen;Adresse fehlt;Treffer aus einem älteren Indoor-Golf-Verzeichnis. Vor Ansprache Website, Betrieb und Kontaktdaten prüfen.;offen;;;;
3;D;Prüfen;Golfanlage Zollmühle Indoor Golf;;Bayern;;info@golfanlage-zollmuehle.de;;;;;;Golfplatz/Golfclub-Box;;Altverzeichnis – aktuellen Betrieb prüfen;Adresse fehlt;Treffer aus einem älteren Indoor-Golf-Verzeichnis. Vor Ansprache Website, Betrieb und Kontaktdaten prüfen.;offen;;;;
3;D;Prüfen;Golfhaus Unterwössen;Unterwössen;Bayern;;temp@golfhaus.de;;;;;;Golfshop/Fitting/Training;;Altverzeichnis – aktuellen Betrieb prüfen;Adresse fehlt;Treffer aus einem älteren Indoor-Golf-Verzeichnis. Vor Ansprache Website, Betrieb und Kontaktdaten prüfen.;offen;;;;
3;D;Prüfen;Golflounge Bamberg;Bamberg;Bayern;;golfloungebamberg@ebusy.de;;;;;;Indoor-Golf-Lounge;;Altverzeichnis – aktuellen Betrieb prüfen;Adresse fehlt;Treffer aus einem älteren Indoor-Golf-Verzeichnis. Vor Ansprache Website, Betrieb und Kontaktdaten prüfen.;offen;;;;
3;D;Prüfen;Golfpark Schloßgut Lenzfried;Kempten;Bayern;;info@golfparklenzfried.de;;;;;;Golfplatz/Golfclub-Box;;Altverzeichnis – aktuellen Betrieb prüfen;Adresse fehlt;Treffer aus einem älteren Indoor-Golf-Verzeichnis. Vor Ansprache Website, Betrieb und Kontaktdaten prüfen.;offen;;;;
3;D;Prüfen;Hotel Residence Starnberger See Indoor Golf;Feldafing;Bayern;;info@residence-starnberg.de;;;;;;Hotel/Resort-Box;;Altverzeichnis – aktuellen Betrieb prüfen;Adresse fehlt;Treffer aus einem älteren Indoor-Golf-Verzeichnis. Vor Ansprache Website, Betrieb und Kontaktdaten prüfen.;offen;;;;
3;D;Prüfen;Indoor Golf Grafing;Grafing;Bayern;;info@indoorgolfgrafing.de;;;;;;Reines Simulatorstudio;;Altverzeichnis – aktuellen Betrieb prüfen;Adresse fehlt;Treffer aus einem älteren Indoor-Golf-Verzeichnis. Vor Ansprache Website, Betrieb und Kontaktdaten prüfen.;offen;;;;
3;D;Prüfen;Indoorgolf Alberthausen;Bad Kissingen;Bayern;;wolfgang@seufert-bk.de;;;;;;Reines Simulatorstudio;;Altverzeichnis – aktuellen Betrieb prüfen;Adresse fehlt;Treffer aus einem älteren Indoor-Golf-Verzeichnis. Vor Ansprache Website, Betrieb und Kontaktdaten prüfen.;offen;;;;
3;D;Prüfen;Indoorgolf München-West;Germering;Bayern;;trainingscenter@indoorgolfmuenchen.de;;;;;;Reines Simulatorstudio;;Altverzeichnis – aktuellen Betrieb prüfen;Adresse fehlt;Treffer aus einem älteren Indoor-Golf-Verzeichnis. Vor Ansprache Website, Betrieb und Kontaktdaten prüfen.;offen;;;;
3;D;Prüfen;KA2 Indoor Golf Kulmbach;Kulmbach;Bayern;;info@ka2-fitness.de;;;;;;Sport-/Freizeitzentrum;;Altverzeichnis – aktuellen Betrieb prüfen;Adresse fehlt;Treffer aus einem älteren Indoor-Golf-Verzeichnis. Vor Ansprache Website, Betrieb und Kontaktdaten prüfen.;offen;;;;
3;D;Prüfen;NEW GOLF LOUNGE Neu-Ulm;Neu-Ulm;Bayern;89233;info@newgolfclub.de;+49 731 70533315;;;;;Indoor-Golf-Lounge;;Verzeichnisfund – prüfen;Kontakt vollständig;Eigenständige Golf Lounge aus Verzeichnis.;offen;;;;
3;D;Prüfen;Tennis Center Keferloh;Grasbrunn;Bayern;;tenniscenterkeferloh@yahoo.com;;;;;;Sport-/Freizeitzentrum;;Altverzeichnis – aktuellen Betrieb prüfen;Adresse fehlt;Treffer aus einem älteren Indoor-Golf-Verzeichnis. Vor Ansprache Website, Betrieb und Kontaktdaten prüfen.;offen;;;;
3;D;Prüfen;Tennispark Lichtenfels;Lichtenfels;Bayern;96215;info@tennispark-lichtenfels.de;+49 9571 2259;;;;;Sport-/Freizeitzentrum;;Verzeichnisfund – prüfen;Kontakt vollständig;"Sportcenter mit Indoor-Golf-Eintrag; kein Golfplatz.";offen;;;;
3;D;Prüfen;intrago Indoor Golf München-Perlach;München;Bayern;81737;info@intrago.golf;+49 89 30908400;TrackMan;2;;;Golfshop/Fitting/Training;;Verzeichnisfund – prüfen;Kontakt vollständig;Münchner Indoor-Golf-Kandidat aus Verzeichnis.;offen;;;;
3;D;Prüfen;Capitol Yard Golf Lounge Berlin;Berlin;Berlin;10245;kontakt@spreespeicher-events.de;;;;;;Eventlocation/Golfbar;;Verzeichnisfund – prüfen;Telefon fehlt;Event-/Lounge-Angebot, vermutlich nicht klassischer Publikumsbetrieb.;offen;;;;
3;D;Prüfen;Golf Performance Institute Berlin;Berlin;Berlin;10589;info@gpi-fitting.de;+49 151 53657941;;;;;Golfshop/Fitting/Training;;Verzeichnisfund – prüfen;Kontakt vollständig;"GPI/Premium-Indoor-Training; Quelle nicht vollständig offiziell geprüft.";offen;;;;
3;D;Prüfen;Golf Studio Berlin;Berlin;Berlin;10587;hello@hohmann-golf.de;+49 30 39800980;;;;;Golfshop/Fitting/Training;;Verzeichnisfund – prüfen;Kontakt vollständig;"Adresse aus aktuellem Verzeichnis; ältere Quellen nennen teils andere Adresse.";offen;;;;
3;D;Prüfen;HohmannGolf Indoorgolf Berlin;Berlin;Berlin;;service@hohmann-golf.de;;;;;;Golfshop/Fitting/Training;;Altverzeichnis – aktuellen Betrieb prüfen;Adresse fehlt;Treffer aus einem älteren Indoor-Golf-Verzeichnis. Vor Ansprache Website, Betrieb und Kontaktdaten prüfen.;offen;;;;
3;D;Prüfen;Indoor Golf Center Berlin Ku’damm;Berlin;Berlin;;info@indoor-golf-center.de;;;;;;Reines Simulatorstudio;;Altverzeichnis – aktuellen Betrieb prüfen;Adresse fehlt;Treffer aus einem älteren Indoor-Golf-Verzeichnis. Vor Ansprache Website, Betrieb und Kontaktdaten prüfen.;offen;;;;
3;D;Prüfen;ProGolf Berlin;Berlin;Berlin;10785;info@progolfberlin.com;+49 30 98392628;;;;;Golfshop/Fitting/Training;;Verzeichnisfund – prüfen;Kontakt vollständig;Indoor-Golf-/Trainingseintrag aus Verzeichnis.;offen;;;;
3;D;Prüfen;BSV Hamburg Indoor-Golf;Hamburg;Hamburg;22761;indoorgolf@bsv-hamburg.de;;TrackMan;2;Nein;Nein;Verband/Verein;;Verzeichnisfund – prüfen;Telefon fehlt;Zwei TrackMan-Anlagen, aber nicht als eigenständiger öffentlicher Indoor-Golfanbieter eingeordnet.;offen;;;;
3;D;Prüfen;Hamburger Golfakademie;Hamburg;Hamburg;;info@hamburger-golfakademie.de;;;;;;Golfshop/Fitting/Training;;Altverzeichnis – aktuellen Betrieb prüfen;Adresse fehlt;Treffer aus einem älteren Indoor-Golf-Verzeichnis. Vor Ansprache Website, Betrieb und Kontaktdaten prüfen.;offen;;;;
3;D;Prüfen;Golf Range Karben Indoor Golf;Karben;Hessen;;info@golfrange-karben.de;;;;;;Golfplatz/Golfclub-Box;;Altverzeichnis – aktuellen Betrieb prüfen;Adresse fehlt;Treffer aus einem älteren Indoor-Golf-Verzeichnis. Vor Ansprache Website, Betrieb und Kontaktdaten prüfen.;offen;;;;
3;D;Prüfen;Indoorgolf Braunfels;Braunfels;Hessen;;info@indoorgolf-braunfels.de;;;;;;Reines Simulatorstudio;;Altverzeichnis – aktuellen Betrieb prüfen;Adresse fehlt;Treffer aus einem älteren Indoor-Golf-Verzeichnis. Vor Ansprache Website, Betrieb und Kontaktdaten prüfen.;offen;;;;
3;D;Prüfen;Indoorgolf Wanfried;Wanfried;Hessen;;wolfgangbeckers@me.com;;;;;;Reines Simulatorstudio;;Altverzeichnis – aktuellen Betrieb prüfen;Adresse fehlt;Treffer aus einem älteren Indoor-Golf-Verzeichnis. Vor Ansprache Website, Betrieb und Kontaktdaten prüfen.;offen;;;;
3;D;Prüfen;Sieben Welten Indoor Golf;Künzell;Hessen;;info@siebenwelten.de;;;;;;Hotel/Resort-Box;;Altverzeichnis – aktuellen Betrieb prüfen;Adresse fehlt;Treffer aus einem älteren Indoor-Golf-Verzeichnis. Vor Ansprache Website, Betrieb und Kontaktdaten prüfen.;offen;;;;
3;D;Prüfen;Sportpark Offenthal;Dreieich;Hessen;63303;fun@sportpark-offenthal.de;+49 171 1978376;;;;;Sport-/Freizeitzentrum;;Verzeichnisfund – prüfen;Kontakt vollständig;"Sportpark-Kandidat; von RUFF Dreieich separat prüfen.";offen;;;;
3;D;Prüfen;Flyingolf Rostock;Rostock;Mecklenburg-Vorpommern;18069;info@flyingolf.de;+49 381 12733194;;;;;Reines Simulatorstudio;;Verzeichnisfund – prüfen;Kontakt vollständig;Indoor-Golf-Eintrag ohne Hinweis auf Golfplatz/Hotel.;offen;;;;
3;D;Prüfen;Indoor-Golfarena Greifswald;Greifswald;Mecklenburg-Vorpommern;;indoor.golf@gmx.de;;;;;;Reines Simulatorstudio;;Altverzeichnis – aktuellen Betrieb prüfen;Adresse fehlt;Treffer aus einem älteren Indoor-Golf-Verzeichnis. Vor Ansprache Website, Betrieb und Kontaktdaten prüfen.;offen;;;;
3;D;Prüfen;Aloha Sport Club Braunschweig;Braunschweig;Niedersachsen;38122;aloha-bs@outlook.de;+49 531 840110;;;;;Sport-/Freizeitzentrum;;Verzeichnisfund – prüfen;Kontakt vollständig;Sportclub mit Indoor-Golf-Eintrag, kein klassischer Golfplatz.;offen;;;;
3;D;Prüfen;Ball-Haus Reinhausen;Gleichen-Reinhausen;Niedersachsen;;info@ballhaus-reinhausen.de;;;;;;Sport-/Freizeitzentrum;;Altverzeichnis – aktuellen Betrieb prüfen;Adresse fehlt;Treffer aus einem älteren Indoor-Golf-Verzeichnis. Vor Ansprache Website, Betrieb und Kontaktdaten prüfen.;offen;;;;
3;D;Prüfen;Blauer Fasan Indoor-Golf Wiesmoor;Wiesmoor;Niedersachsen;;golf@blauer-fasan.de;;;;;;Hotel/Resort-Box;;Altverzeichnis – aktuellen Betrieb prüfen;Adresse fehlt;Treffer aus einem älteren Indoor-Golf-Verzeichnis. Vor Ansprache Website, Betrieb und Kontaktdaten prüfen.;offen;;;;
3;D;Prüfen;Golf Resort Adendorf Indoor Golf;Adendorf;Niedersachsen;;golf@castanea-resort.de;;;;;;Hotel/Resort-Box;;Altverzeichnis – aktuellen Betrieb prüfen;Adresse fehlt;Treffer aus einem älteren Indoor-Golf-Verzeichnis. Vor Ansprache Website, Betrieb und Kontaktdaten prüfen.;offen;;;;
3;D;Prüfen;Golfschule & Pro Shop Hendrik Harms;Papenburg;Niedersachsen;26871;info@hennygolf.de;;;;;;Golfshop/Fitting/Training;;Verzeichnisfund – prüfen;Telefon fehlt;Kann als B2B-/Trainingkontakt interessant sein, aber nicht eindeutig eigenständige Simulatorhalle.;offen;;;;
3;D;Prüfen;Indoor Golf Duderstadt;Duderstadt;Niedersachsen;37115;Golf@Mueller-Duderstadt.de;+49 5527 3227;;;;;Reines Simulatorstudio;;Verzeichnisfund – prüfen;Kontakt vollständig;Eigenständiger Indoor-Golf-Eintrag aus Verzeichnis.;offen;;;;
3;D;Prüfen;Arena 79 Bottrop;Bottrop;Nordrhein-Westfalen;;info@arena79.de;;;;;;Sport-/Freizeitzentrum;;Altverzeichnis – aktuellen Betrieb prüfen;Adresse fehlt;Treffer aus einem älteren Indoor-Golf-Verzeichnis. Vor Ansprache Website, Betrieb und Kontaktdaten prüfen.;offen;;;;
3;D;Prüfen;Bielefeld Indoor Range;Bielefeld;Nordrhein-Westfalen;;bielefeld@golfhouse.de;;;;;;Reines Simulatorstudio;;Altverzeichnis – aktuellen Betrieb prüfen;Adresse fehlt;Treffer aus einem älteren Indoor-Golf-Verzeichnis. Vor Ansprache Website, Betrieb und Kontaktdaten prüfen.;offen;;;;
3;D;Prüfen;COSMO SPORTS Indoorgolf Düsseldorf;Düsseldorf;Nordrhein-Westfalen;;info@cosmo-sports.de;;;;;;Sport-/Freizeitzentrum;;Altverzeichnis – aktuellen Betrieb prüfen;Adresse fehlt;Treffer aus einem älteren Indoor-Golf-Verzeichnis. Vor Ansprache Website, Betrieb und Kontaktdaten prüfen.;offen;;;;
3;D;Prüfen;Golfhalle Münsterland;Nordkirchen;Nordrhein-Westfalen;59394;info@golfhalle-muensterland.de;+49 173 4444905;;4;;;Reines Simulatorstudio;;Altverzeichnis – aktuellen Betrieb prüfen;Kontakt vollständig;Treffer aus einem älteren Indoor-Golf-Verzeichnis. Vor Ansprache Website, Betrieb und Kontaktdaten prüfen.;offen;;;;
3;D;Prüfen;Golfschule Köln;Köln;Nordrhein-Westfalen;;info@golfschule-koeln.de;;;;;;Golfshop/Fitting/Training;;Verzeichnisfund – prüfen;Adresse fehlt;Nur als Suchkandidat belassen.;offen;;;;
3;D;Prüfen;Hotel Haus Schnepper Indoor Golf;Attendorn;Nordrhein-Westfalen;;hotel-info@hotel-schnepper.de;;;;;;Hotel/Resort-Box;;Altverzeichnis – aktuellen Betrieb prüfen;Adresse fehlt;Treffer aus einem älteren Indoor-Golf-Verzeichnis. Vor Ansprache Website, Betrieb und Kontaktdaten prüfen.;offen;;;;
3;D;Prüfen;Indoor Golf Center Bad Münstereifel;Bad Münstereifel;Nordrhein-Westfalen;;info@sportwelt-schaefer.de;;;;;;Reines Simulatorstudio;;Altverzeichnis – aktuellen Betrieb prüfen;Adresse fehlt;Treffer aus einem älteren Indoor-Golf-Verzeichnis. Vor Ansprache Website, Betrieb und Kontaktdaten prüfen.;offen;;;;
3;D;Prüfen;Indoor-Golf Sauerland;;Nordrhein-Westfalen;;tennishalle-sundern@t-online.de;;;;;;Reines Simulatorstudio;;Altverzeichnis – aktuellen Betrieb prüfen;Adresse fehlt;Treffer aus einem älteren Indoor-Golf-Verzeichnis. Vor Ansprache Website, Betrieb und Kontaktdaten prüfen.;offen;;;;
3;D;Prüfen;Indoorgolf Büren;Büren;Nordrhein-Westfalen;;ackfeld@aol.com;;;;;;Reines Simulatorstudio;;Altverzeichnis – aktuellen Betrieb prüfen;Adresse fehlt;Treffer aus einem älteren Indoor-Golf-Verzeichnis. Vor Ansprache Website, Betrieb und Kontaktdaten prüfen.;offen;;;;
3;D;Prüfen;Jordan Golfdom Köln;Köln;Nordrhein-Westfalen;;info@golfdom.de;;;;;;Golfshop/Fitting/Training;;Altverzeichnis – aktuellen Betrieb prüfen;Adresse fehlt;Treffer aus einem älteren Indoor-Golf-Verzeichnis. Vor Ansprache Website, Betrieb und Kontaktdaten prüfen.;offen;;;;
3;D;Prüfen;Kölner Golfclub Indoor Golf;Köln;Nordrhein-Westfalen;;proshop.koelner-golfclub@golfhouse.de;;;;;;Golfplatz/Golfclub-Box;;Altverzeichnis – aktuellen Betrieb prüfen;Adresse fehlt;Treffer aus einem älteren Indoor-Golf-Verzeichnis. Vor Ansprache Website, Betrieb und Kontaktdaten prüfen.;offen;;;;
3;D;Prüfen;SPORTSPARK Cologne;Köln;Nordrhein-Westfalen;51149;golf@cologne-sportspark.de;+49 2203 980200;;;;;Sport-/Freizeitzentrum;;Verzeichnisfund – prüfen;Kontakt vollständig;Sportpark mit Indoor-Golf-Eintrag, kein Golfplatz.;offen;;;;
3;D;Prüfen;Sportcenter Kautz Köln;Köln;Nordrhein-Westfalen;50939;indoorgolfcenter@aol.com;;;;;;Sport-/Freizeitzentrum;;Altverzeichnis – aktuellen Betrieb prüfen;Telefon fehlt;Treffer aus einem älteren Indoor-Golf-Verzeichnis. Vor Ansprache Website, Betrieb und Kontaktdaten prüfen.;offen;;;;
3;D;Prüfen;Sweetspot Cologne;Kerpen;Nordrhein-Westfalen;50171;info@sweetspot-cologne.de;+49 176 41608680;;;;;Indoor-Golf-Lounge;;Verzeichnisfund – prüfen;Kontakt vollständig;Indoor-Golf-Lounge im Großraum Köln.;offen;;;;
3;D;Prüfen;GREEN BOX Bad Kreuznach;Bad Kreuznach;Rheinland-Pfalz;55545;info@greenbox-sportlounge.de;+49 671 79 66 90 0;;;;;Reines Simulatorstudio;;Verzeichnisfund – prüfen;Kontakt vollständig;Indoor-Golf-Eintrag ohne Golfplatz-/Resortcharakter.;offen;;;;
3;D;Prüfen;Indoorgolf Maarheide;Niederdürenbach;Rheinland-Pfalz;;info@neuer-maarhof.de;;;;;;Reines Simulatorstudio;;Altverzeichnis – aktuellen Betrieb prüfen;Adresse fehlt;Treffer aus einem älteren Indoor-Golf-Verzeichnis. Vor Ansprache Website, Betrieb und Kontaktdaten prüfen.;offen;;;;
3;D;Prüfen;Mainzer Golfclub Indoor-Golf;Mainz;Rheinland-Pfalz;;info@mainzer-golfclub.de;;;;;;Golfplatz/Golfclub-Box;;Altverzeichnis – aktuellen Betrieb prüfen;Adresse fehlt;Treffer aus einem älteren Indoor-Golf-Verzeichnis. Vor Ansprache Website, Betrieb und Kontaktdaten prüfen.;offen;;;;
3;D;Prüfen;Sportpark Weißenthurm;Weißenthurm;Rheinland-Pfalz;;info@sportparkweissenthurm.de;;;;;;Sport-/Freizeitzentrum;;Altverzeichnis – aktuellen Betrieb prüfen;Adresse fehlt;Treffer aus einem älteren Indoor-Golf-Verzeichnis. Vor Ansprache Website, Betrieb und Kontaktdaten prüfen.;offen;;;;
3;D;Prüfen;Club.align Golf Saarbrücken;Saarbrücken;Saarland;66117;info@clubalign-golf.com;+49 681 58829962;;;;;Golfshop/Fitting/Training;;Verzeichnisfund – prüfen;Kontakt vollständig;Indoor-Golf/Fitting- oder Trainingsstudio aus Verzeichnis.;offen;;;;
3;D;Prüfen;Citygolf Center Dresden;Dresden;Sachsen;;info@buerogolf-agentur.de;;;;;;Reines Simulatorstudio;;Altverzeichnis – aktuellen Betrieb prüfen;Adresse fehlt;Treffer aus einem älteren Indoor-Golf-Verzeichnis. Vor Ansprache Website, Betrieb und Kontaktdaten prüfen.;offen;;;;
3;D;Niedrig;GO! Golf-Offensive – Maritim Hotel Dresden;Dresden;Sachsen;01067;info@golf-offensive.de;;TrackMan;1;;Nein;Hotel/Resort-Box;https://www.golf-offensive.de/golfsimulator/;Aktiv – offizielle Seite bestätigt;Telefon fehlt;"Ein TrackMan-Simulator, laut Anbieter rund um die Uhr spielbar; kein eigenständiges Simulatorzentrum.";offen;;;;
3;D;Prüfen;Golf-Inside24 Leipzig;Leipzig;Sachsen;04347;info@golf-inside24.de;+49 341 2317105;TrackMan laut Verzeichnisumfeld;;;;Reines Simulatorstudio;;Verzeichnisfund – prüfen;Kontakt vollständig;"Indoor-Golf-Eintrag; aktuelle Aktivität bitte prüfen.";offen;;;;
3;D;Prüfen;Golfakademie Leipzig;Leipzig;Sachsen;;kessler@golfakademie.pro;;;;;;Golfshop/Fitting/Training;;Altverzeichnis – aktuellen Betrieb prüfen;Adresse fehlt;Treffer aus einem älteren Indoor-Golf-Verzeichnis. Vor Ansprache Website, Betrieb und Kontaktdaten prüfen.;offen;;;;
3;D;Prüfen;Indoor Golf Chemnitz – Erzberger Straße;Chemnitz;Sachsen;;info@indoorgolf-chemnitz.de;;;;;;Reines Simulatorstudio;;Altverzeichnis – aktuellen Betrieb prüfen;Telefon fehlt;Treffer aus einem älteren Indoor-Golf-Verzeichnis. Vor Ansprache Website, Betrieb und Kontaktdaten prüfen.;offen;;;;
3;D;Prüfen;Indoorgolf Dresden Bannewitz;Bannewitz;Sachsen;;service@deingolfshop.de;;;;;;Reines Simulatorstudio;;Altverzeichnis – aktuellen Betrieb prüfen;Adresse fehlt;Treffer aus einem älteren Indoor-Golf-Verzeichnis. Vor Ansprache Website, Betrieb und Kontaktdaten prüfen.;offen;;;;
3;D;Prüfen;FIRSTGOLF Magdeburg;Magdeburg;Sachsen-Anhalt;39112;info@firstgolf-magdeburg.de;+49 391 4059049;;;;;Reines Simulatorstudio;;Verzeichnisfund – prüfen;Kontakt vollständig;Eigenständiger Indoor-Golf-Eintrag im Verzeichnis.;offen;;;;
3;D;Prüfen;CockayneGolf Indoor Lübeck;Lübeck;Schleswig-Holstein;;hello@cockayne-golf.de;;;;;;Golfshop/Fitting/Training;;Altverzeichnis – aktuellen Betrieb prüfen;Adresse fehlt;Treffer aus einem älteren Indoor-Golf-Verzeichnis. Vor Ansprache Website, Betrieb und Kontaktdaten prüfen.;offen;;;;
3;D;Prüfen;Fitness & Physiotherapie Preetz Indoor Golf;Preetz;Schleswig-Holstein;;sport@t-sp.de;;;;;;Sport-/Freizeitzentrum;;Altverzeichnis – aktuellen Betrieb prüfen;Adresse fehlt;Treffer aus einem älteren Indoor-Golf-Verzeichnis. Vor Ansprache Website, Betrieb und Kontaktdaten prüfen.;offen;;;;
3;D;Prüfen;Maritim Golfpark Ostsee Indoor Golf;;Schleswig-Holstein;;info.golf@maritimgolfpark.de;;;;;;Hotel/Resort-Box;;Altverzeichnis – aktuellen Betrieb prüfen;Adresse fehlt;Treffer aus einem älteren Indoor-Golf-Verzeichnis. Vor Ansprache Website, Betrieb und Kontaktdaten prüfen.;offen;;;;
3;D;Prüfen;Vegas Bowling und Golf Lübeck;Lübeck;Schleswig-Holstein;;info@vegas-luebeck.de;;;;;;Sport-/Freizeitzentrum;;Altverzeichnis – aktuellen Betrieb prüfen;Adresse fehlt;Treffer aus einem älteren Indoor-Golf-Verzeichnis. Vor Ansprache Website, Betrieb und Kontaktdaten prüfen.;offen;;;;
3;D;Prüfen;GTPC Eisenach;Eisenach;Thüringen;;info@golfcenter-eisenach.de;;;;;;Golfshop/Fitting/Training;;Altverzeichnis – aktuellen Betrieb prüfen;Adresse fehlt;Treffer aus einem älteren Indoor-Golf-Verzeichnis. Vor Ansprache Website, Betrieb und Kontaktdaten prüfen.;offen;;;;
